Green beige,#BEBD7F
Beige,#C2B078
Sand yellow,#C6A664
Signal yellow,#E5BE01
Golden yellow,#CDA434
Honey yellow,#A98307
Maize yellow,#E4A010
Daffodil yellow,#DC9D00
Brown beige,#8A6642
Lemon yellow,#C7B446
Oyster white,#EAE6CA
Ivory,#E1CC4F
Light ivory,#E6D690
Sulfur yellow,#EDFF21
Saffron yellow,#F5D033
Zinc yellow,#F8F32B
Grey beige,#9E9764
Olive yellow,#999950
Rape yellow,#F3DA0B
Traffic yellow,#FAD201
Ochre yellow,#AEA04B
Luminous yellow,#FFFF00
Curry,#9D9101
Melon yellow,#F4A900
Broom yellow,#D6AE01
Dahlia yellow,#F3A505
Pastel yellow,#EFA94A
Pearl beige,#6A5D4D
Pearl gold,#705335
Sun yellow,#F39F18
Yellow orange,#ED760E
Red orange,#C93C20
Vermilion,#CB2821
Pastel orange,#FF7514
Pure orange,#F44611
Luminous orange,#FF2301
Luminous bright orange,#FFA420
Bright red orange,#F75E25
Traffic orange,#F54021
Signal orange,#D84B20
Deep orange,#EC7C26
Salmon range,#E55137
Pearl orange,#C35831
Flame red,#AF2B1E
Signal red,#A52019
Carmine red,#A2231D
Ruby red,#9B111E
Purple red,#75151E
Wine red,#5E2129
Black red,#412227
Oxide red,#642424
Brown red,#781F19
Beige red,#C1876B
Tomato red,#A12312
Antique pink,#D36E70
Light pink,#EA899A
Coral red,#B32821
Rose,#E63244
Strawberry red,#D53032
Traffic red,#CC0605
Salmon pink,#D95030
Luminous red,#F80000
Luminous bright red,#FE0000
Raspberry red,#C51D34
Pure  red,#CB3234
Orient red,#B32428
Pearl ruby red,#721422
Pearl pink,#B44C43
Red lilac,#6D3F5B
Red violet,#922B3E
Heather violet,#DE4C8A
Claret violet,#641C34
Blue lilac,#6C4675
Traffic purple,#A03472
Purple violet,#4A192C
Signal violet,#924E7D
Pastel violet,#A18594
Telemagenta,#CF3476
Pearl violet,#8673A1
Pearl black berry,#6C6874
Violet blue,#354D73
Green blue,#1F3438
Ultramarine blue,#20214F
Saphire blue,#1D1E33
Black blue,#18171C
Signal blue,#1E2460
Brillant blue,#3E5F8A
Grey blue,#26252D
Azure blue,#025669
Gentian blue,#0E294B
Steel blue,#231A24
Light blue,#3B83BD
Cobalt blue,#1E213D
Pigeon blue,#606E8C
Sky blue,#2271B3
Traffic blue,#063971
Turquoise blue,#3F888F
Capri blue,#1B5583
Ocean blue,#1D334A
Water blue,#256D7B
Night blue,#252850
Distant blue,#49678D
Pastel blue,#5D9B9B
Pearl gentian blue,#2A6478
Pearl night blue,#102C54
Patina green,#316650
Emerald green,#287233
Leaf green,#2D572C
Olive green,#424632
Blue green,#1F3A3D
Moss green,#2F4538
Grey olive,#3E3B32
Bottle green,#343B29
Brown green,#39352A
Fir green,#31372B
Grass green,#35682D
Reseda green,#587246
Black green,#343E40
Reed green,#6C7156
Yellow olive,#47402E
Black olive,#3B3C36
Turquoise green,#1E5945
May green,#4C9141
Yellow green,#57A639
Pastel green,#BDECB6
Chrome green,#2E3A23
Pale green,#89AC76
Olive drab,#25221B
Traffic green,#308446
Fern green,#3D642D
Opal green,#015D52
Light green,#84C3BE
Pine green,#2C5545
Mint green,#20603D
Signal green,#317F43
Mint turquoise,#497E76
Pastel turquoise,#7FB5B5
Pearl green,#1C542D
Pearl opal green,#193737
Pure green,#008F39
Luminous green,#00BB2D
Squirrel grey,#78858B
Silver grey,#8A9597
Olive grey,#7E7B52
Moss grey,#6C7059
Signal grey,#969992
Mouse grey,#646B63
Beige grey,#6D6552
Khaki grey,#6A5F31
Green grey,#4D5645
Tarpaulin grey,#4C514A
Iron grey,#434B4D
Basalt grey,#4E5754
Brown grey,#464531
Slate grey,#434750
Anthracite grey,#293133
Black grey,#23282B
Umbra grey,#332F2C
Concrete grey,#686C5E
Graphite grey,#474A51
Granite grey,#2F353B
Stone grey,#8B8C7A
Blue grey,#474B4E
Pebble grey,#B8B799
Cement grey,#7D8471
Yellow grey,#8F8B66
Light grey,#CBD0CC
Platinum grey,#7F7679
Dusty grey,#7D7F7D
Agate grey,#B5B8B1
Quartz grey,#6C6960
Window grey,#9DA1AA
Traffic grey A,#8D948D
Traffic grey B,#4E5452
Silk grey,#CAC4B0
Telegrey 1,#909090
Telegrey 2,#82898F
Telegrey 4,#D0D0D0
Pearl mouse grey,#898176
Green brown,#826C34
Ochre brown,#955F20
Signal brown,#6C3B2A
Clay brown,#734222
Copper brown,#8E402A
Fawn brown,#59351F
Olive brown,#6F4F28
Nut brown,#5B3A29
Red brown,#592321
Sepia brown,#382C1E
Chestnut brown,#633A34
Mahogany brown,#4C2F27
Chocolate brown,#45322E
Grey brown,#403A3A
Black brown,#212121
Orange brown,#A65E2E
Beige brown,#79553D
Pale brown,#755C48
Terra brown,#4E3B31
Pearl copper,#763C28
Cream,#FDF4E3
Grey white,#E7EBDA
Signal white,#F4F4F4
Signal black,#282828
Jet black,#0A0A0A
White aluminium,#A5A5A5
Grey aluminium,#8F8F8F
Pure white,#FFFFFF
Graphite black,#1C1C1C
Traffic white,#F6F6F6
Traffic black,#1E1E1E
Papyrus white,#CFD3CD
Pearl light grey,#9C9C9C
Pearl dark grey,#828282
